"erom_q0001e_mean","aqbio_nt_total","tstime","geom","hydrocode","drainage_area_sqmi","qmean_annual","watershed.code"
12.377,8,"1978/8/15","POINT (-77.372506255 39.0049999122)","DGIF010025",10.7465,12.377,"nhd_huc8_02070008"
12.377,9,"1978/11/10","POINT (-77.372506255 39.0049999122)","DGIF010025",10.7465,12.377,"nhd_huc8_02070008"
5.927,8,"1979/2/9","POINT (-77.415555232 38.9286123511)","DGIF010029",5.1331,5.927,"nhd_huc8_02070008"
12.377,9,"1979/2/9","POINT (-77.372506255 39.0049999122)","DGIF010025",10.7465,12.377,"nhd_huc8_02070008"
12.377,8,"1979/4/25","POINT (-77.372506255 39.0049999122)","DGIF010025",10.7465,12.377,"nhd_huc8_02070008"
11.862,9,"1979/8/11","POINT (-77.65611194 39.299159688)","DGIF010030",10.554,11.862,"nhd_huc8_02070008"
13.612,1,"1983/5/29","POINT (-77.546679043 39.0980487081)","DGIF016278",11.9596,13.612,"nhd_huc8_02070008"
55.587,25,"1987/8/20","POINT (-77.696953923 39.041935277)","DGIF011269",50.2897,55.587,"nhd_huc8_02070008"
22.492,22,"1988/9/2","POINT (-77.755562762 39.0613828252)","DGIF011416",20.141,22.492,"nhd_huc8_02070008"
305.732,32,"1989/8/10","POINT (-77.623051469 39.0286013641)","DGIF011512",269.9761,305.732,"nhd_huc8_02070008"
99.464,31,"1989/8/11","POINT (-77.580273273 39.253608234)","DGIF011511",88.992,99.464,"nhd_huc8_02070008"
384.356,13,"1989/10/5","POINT (-77.53667731 39.0416587641)","DGIF011560",347.7309,384.356,"nhd_huc8_02070008"
423.508,21,"1989/10/6","POINT (-77.508337296 39.0888792562)","DGIF011559",382.6465,423.508,"nhd_huc8_02070008"
99.663,8,"1991/5/16","POINT (-77.576183605 39.25455987)","DGIF002424",90.2273,99.663,"nhd_huc8_02070008"
22.306,5,"1992/4/8","POINT (-77.3637046587 39.0531759488)","DGIF005133",19.6639,22.306,"nhd_huc8_02070008"
6.696,6,"1993/6/5","POINT (-77.333989348 38.883216951)","DGIF005287",5.6579,6.696,"nhd_huc8_02070008"
87.138,9,"1993/6/26","POINT (-77.43130772 39.047756463)","DGIF005286",77.9285,87.138,"nhd_huc8_02070008"
99.663,3,"1993/8/12","POINT (-77.576536736 39.2549215721)","DGIF006993",90.2273,99.663,"nhd_huc8_02070008"
99.663,29,"1993/8/12","POINT (-77.5763777545 39.2551020642)","USGS01638480",90.2273,99.663,"nhd_huc8_02070008"
4.813,4,"1993/9/12","POINT (-77.369712301 38.96212603)","DGIF008359",4.131,4.813,"nhd_huc8_02070008"
4.813,4,"1993/9/21","POINT (-77.370227097 38.9631149041)","DGIF008361",4.131,4.813,"nhd_huc8_02070008"
4.813,2,"1993/9/22","POINT (-77.370521601 38.9605118191)","DGIF008362",4.131,4.813,"nhd_huc8_02070008"
4.813,1,"1993/9/22","POINT (-77.370265469 38.9607830841)","DGIF008356",4.131,4.813,"nhd_huc8_02070008"
4.813,1,"1993/9/22","POINT (-77.370875426 38.9603606971)","DGIF008363",4.131,4.813,"nhd_huc8_02070008"
12.377,4,"1993/9/22","POINT (-77.371260405 39.0036279712)","DGIF008376",10.7465,12.377,"nhd_huc8_02070008"
12.377,4,"1993/9/22","POINT (-77.37126876 39.0041416722)","DGIF008373",10.7465,12.377,"nhd_huc8_02070008"
4.813,3,"1993/9/22","POINT (-77.371677826 38.9591065741)","DGIF008360",4.131,4.813,"nhd_huc8_02070008"
11.033,7,"1993/9/23","POINT (-77.372471382 38.9991347822)","DGIF008380",9.5592,11.033,"nhd_huc8_02070008"
11.033,6,"1993/9/23","POINT (-77.370473155 39.0007389861)","DGIF008374",9.5592,11.033,"nhd_huc8_02070008"
7.72,7,"1993/9/23","POINT (-77.371266641 38.9976380131)","DGIF008375",6.6583,7.72,"nhd_huc8_02070008"
11.033,8,"1993/9/23","POINT (-77.371211091 38.9996269952)","DGIF008377",9.5592,11.033,"nhd_huc8_02070008"
11.033,8,"1993/9/23","POINT (-77.372364292 38.9980685342)","DGIF008378",9.5592,11.033,"nhd_huc8_02070008"
12.377,7,"1993/9/23","POINT (-77.370498205 39.0022800912)","DGIF008379",10.7465,12.377,"nhd_huc8_02070008"
7.72,9,"1993/9/23","POINT (-77.368527414 38.9965798351)","DGIF008381",6.6583,7.72,"nhd_huc8_02070008"
20.001,5,"1993/9/24","POINT (-77.364867149 39.0292628152)","DGIF008388",17.5608,20.001,"nhd_huc8_02070008"
18.541,7,"1993/9/24","POINT (-77.367976708 39.023793041)","DGIF008389",16.2428,18.541,"nhd_huc8_02070008"
18.541,7,"1993/9/24","POINT (-77.368707849 39.0282296162)","DGIF008386",16.2428,18.541,"nhd_huc8_02070008"
20.001,9,"1993/9/24","POINT (-77.363429085 39.0323075722)","DGIF008385",17.5608,20.001,"nhd_huc8_02070008"
18.541,5,"1993/9/24","POINT (-77.368873732 39.025442395)","DGIF008383",16.2428,18.541,"nhd_huc8_02070008"
20.001,4,"1993/9/24","POINT (-77.363060139 39.0318456682)","DGIF008382",17.5608,20.001,"nhd_huc8_02070008"
16.396,7,"1993/9/25","POINT (-77.369438698 39.018920397)","DGIF008387",14.3181,16.396,"nhd_huc8_02070008"
16.396,9,"1993/9/25","POINT (-77.370597348 39.0172630461)","DGIF008390",14.3181,16.396,"nhd_huc8_02070008"
16.396,6,"1993/9/25","POINT (-77.369886858 39.0182858061)","DGIF008384",14.3181,16.396,"nhd_huc8_02070008"
4.813,8,"1993/9/26","POINT (-77.368136441 38.979182686)","DGIF008365",4.131,4.813,"nhd_huc8_02070008"
4.813,9,"1993/9/26","POINT (-77.368035089 38.9795848771)","DGIF008367",4.131,4.813,"nhd_huc8_02070008"
6.48,6,"1993/9/26","POINT (-77.367016708 38.9812195672)","DGIF008364",5.5755,6.48,"nhd_huc8_02070008"
4.813,8,"1993/9/27","POINT (-77.368118555 38.9752457362)","DGIF008369",4.131,4.813,"nhd_huc8_02070008"
4.813,8,"1993/9/27","POINT (-77.367968012 38.9768354192)","DGIF008368",4.131,4.813,"nhd_huc8_02070008"
4.813,5,"1993/9/28","POINT (-77.368254026 38.970565919)","DGIF008366",4.131,4.813,"nhd_huc8_02070008"
4.813,2,"1993/9/29","POINT (-77.368336601 38.9714332391)","DGIF008372",4.131,4.813,"nhd_huc8_02070008"
4.813,12,"1993/9/29","POINT (-77.367282541 38.9800838691)","DGIF008370",4.131,4.813,"nhd_huc8_02070008"
4.813,9,"1993/9/29","POINT (-77.368331562 38.9762702522)","DGIF008371",4.131,4.813,"nhd_huc8_02070008"
20.646,7,"1993/9/29","POINT (-77.364380668 39.04549752)","DGIF008393",18.1446,20.646,"nhd_huc8_02070008"
20.001,9,"1993/9/29","POINT (-77.365076444 39.0375654412)","DGIF008394",17.5608,20.001,"nhd_huc8_02070008"
20.001,6,"1993/9/29","POINT (-77.36510228 39.0370618163)","DGIF008391",17.5608,20.001,"nhd_huc8_02070008"
20.001,10,"1993/9/30","POINT (-77.365283559 39.0357793711)","DGIF008395",17.5608,20.001,"nhd_huc8_02070008"
20.001,7,"1993/9/30","POINT (-77.36525958 39.0353462532)","DGIF008392",17.5608,20.001,"nhd_huc8_02070008"
23.88,4,"1993/9/30","POINT (-77.368817222 39.0605706712)","DGIF008408",21.0994,23.88,"nhd_huc8_02070008"
23.88,5,"1993/9/30","POINT (-77.368155128 39.0606401032)","DGIF008407",21.0994,23.88,"nhd_huc8_02070008"
23.88,10,"1993/9/30","POINT (-77.367435359 39.0607077322)","DGIF008406",21.0994,23.88,"nhd_huc8_02070008"
22.339,5,"1993/10/1","POINT (-77.36562036 39.0571291032)","DGIF008403",19.6948,22.339,"nhd_huc8_02070008"
22.339,7,"1993/10/1","POINT (-77.363540099 39.0564696622)","DGIF008405",19.6948,22.339,"nhd_huc8_02070008"
22.339,8,"1993/10/1","POINT (-77.364437444 39.0565427152)","DGIF008404",19.6948,22.339,"nhd_huc8_02070008"
22.306,5,"1993/10/1","POINT (-77.363150715 39.0564034572)","DGIF008401",19.6639,22.306,"nhd_huc8_02070008"
20.646,7,"1993/10/1","POINT (-77.364768598 39.0460410819)","DGIF008396",18.1446,20.646,"nhd_huc8_02070008"
23.88,4,"1993/10/1","POINT (-77.368781667 39.0585608482)","DGIF008400",21.0994,23.88,"nhd_huc8_02070008"
22.306,9,"1993/10/1","POINT (-77.363796837 39.0521449831)","DGIF008402",19.6639,22.306,"nhd_huc8_02070008"
20.001,8,"1993/10/6","POINT (-77.364691285 39.0387694602)","DGIF008397",17.5608,20.001,"nhd_huc8_02070008"
22.306,9,"1993/10/6","POINT (-77.366385882 39.048064232)","DGIF008399",19.6639,22.306,"nhd_huc8_02070008"
20.001,7,"1993/10/6","POINT (-77.363091073 39.0420433461)","DGIF008398",17.5608,20.001,"nhd_huc8_02070008"
99.663,27,"1994/7/8","POINT (-77.5763777545 39.2551020642)","USGS01638480",90.2273,99.663,"nhd_huc8_02070008"
99.663,24,"1994/7/8","POINT (-77.576646988 39.2547987062)","DGIF007705",90.2273,99.663,"nhd_huc8_02070008"
3.405,3,"1994/12/3","POINT (-77.694009309 39.05058084)","DGIF007679",2.9902,3.405,"nhd_huc8_02070008"
140.78,2,"1994/12/3","POINT (-77.795587699 38.9867467561)","DGIF007678",122.4606,140.78,"nhd_huc8_02070008"
5.935,5,"1995/6/6","POINT (-77.201933666 38.9454655811)","DGIF007683",5.1537,5.935,"nhd_huc8_02070008"
1.148,4,"1995/6/6","POINT (-77.157810884 38.9632769862)","DGIF007681",1.1262,1.148,"nhd_huc8_02070008"
2.76,3,"1995/6/6","POINT (-77.183620652 38.9447682621)","DGIF007682",2.6889,2.76,"nhd_huc8_02070008"
2.76,3,"1995/6/7","POINT (-77.174391393 38.964092728)","DGIF007684",2.6889,2.76,"nhd_huc8_02070008"
61.693,12,"1995/6/7","POINT (-77.269977702 38.9715241941)","DGIF007685",52.5658,61.693,"nhd_huc8_02070008"
1.849,7,"1995/6/20","POINT (-77.217633912 38.9636217891)","DGIF007686",1.8017,1.849,"nhd_huc8_02070008"
6.696,13,"1995/6/25","POINT (-77.331512801 38.8863278191)","DGIF007687",5.6579,6.696,"nhd_huc8_02070008"
27.999,16,"1995/6/30","POINT (-77.307261591 38.9301684761)","DGIF007689",23.708,27.999,"nhd_huc8_02070008"
8.017,9,"1995/6/30","POINT (-77.327856663 38.9158842652)","DGIF007688",6.7625,8.017,"nhd_huc8_02070008"
404.517,2,"1997/4/19","POINT (-77.5182038351 39.0701406275)","DGIF051006",365.6545,404.517,"nhd_huc8_02070008"
12.18,15,"1997/8/28","POINT (-77.757046324 38.8962347161)","DGIF063301",9.9928,12.18,"nhd_huc8_02070008"
48.761,24,"1997/8/29","POINT (-77.640063118 38.9749533992)","DGIF063303",40.3872,48.761,"nhd_huc8_02070008"
31.682,16,"1997/8/29","POINT (-77.719382847 38.9508450552)","DGIF063302",26.0125,31.682,"nhd_huc8_02070008"
22.001,17,"1998/7/9","POINT (-77.971145423 38.9082520681)","DGIF063279",17.8771,22.001,"nhd_huc8_02070008"
7.767,10,"1998/7/9","POINT (-77.936491571 38.9019777151)","DGIF063280",6.9095,7.767,"nhd_huc8_02070008"
17.49,26,"1998/7/10","POINT (-77.927000597 38.918340501)","DGIF063281",14.6238,17.49,"nhd_huc8_02070008"
53.671,28,"1998/7/10","POINT (-77.922082048 38.9139495901)","DGIF063282",45.0117,53.671,"nhd_huc8_02070008"
10.621,11,"1998/7/13","POINT (-77.809729179 38.9306594442)","DGIF063284",8.9097,10.621,"nhd_huc8_02070008"
13.51,25,"1998/7/13","POINT (-77.895770637 38.9432607071)","DGIF063283",11.9193,13.51,"nhd_huc8_02070008"
10.587,22,"1998/7/16","POINT (-77.859414316 38.9985376572)","DGIF063286",9.2551,10.587,"nhd_huc8_02070008"
24.534,25,"1998/7/16","POINT (-77.841269908 38.996650996)","DGIF063285",21.7307,24.534,"nhd_huc8_02070008"
11.583,21,"1998/7/17","POINT (-77.800392202 39.018688052)","DGIF063287",10.5905,11.583,"nhd_huc8_02070008"
5.656,12,"1998/7/17","POINT (-77.768896326 39.1286950321)","DGIF063288",4.9643,5.656,"nhd_huc8_02070008"
24.625,22,"1998/7/20","POINT (-77.766834044 39.043030643)","DGIF063290",22.531,24.625,"nhd_huc8_02070008"
14.402,22,"1998/7/20","POINT (-77.749644626 39.116277184)","DGIF063289",12.7526,14.402,"nhd_huc8_02070008"
44.157,24,"1998/7/23","POINT (-77.683660919 39.0724831761)","DGIF063292",38.9111,44.157,"nhd_huc8_02070008"
13.425,24,"1998/7/23","POINT (-77.682678086 39.091723903)","DGIF063291",11.6566,13.425,"nhd_huc8_02070008"
3.386,23,"1998/7/24","POINT (-77.573377515 39.0683180631)","DGIF063294",3.003,3.386,"nhd_huc8_02070008"
13.612,17,"1998/7/24","POINT (-77.550295428 39.1002187341)","DGIF063293",11.9596,13.612,"nhd_huc8_02070008"
27.14,22,"1998/8/3","POINT (-77.697583948 39.0767343131)","DGIF063295",24.0033,27.14,"nhd_huc8_02070008"
51.323,22,"1998/8/6","POINT (-77.722878808 39.0373434192)","DGIF063297",46.5177,51.323,"nhd_huc8_02070008"
305.061,30,"1998/8/6","POINT (-77.627380221 39.0317985542)","DGIF063298",269.3697,305.061,"nhd_huc8_02070008"
92.594,29,"1998/8/7","POINT (-77.869435956 38.9374847101)","DGIF063299",79.5787,92.594,"nhd_huc8_02070008"
140.78,25,"1998/8/7","POINT (-77.795534527 38.9866462002)","DGIF063300",122.4606,140.78,"nhd_huc8_02070008"
16.307,23,"1998/10/3","POINT (-77.511562513 39.0862915481)","DGIF055952",14.382,16.307,"nhd_huc8_02070008"
63.907,13,"1998/10/4","POINT (-77.250870521 38.977855814)","DGIF055953",54.5444,63.907,"nhd_huc8_02070008"
12790.594,2,"1998/10/26","POINT (-77.1417900506 38.9516746635)","DGIF055778",11561.2819,12790.594,"nhd_huc8_02070008"
1.148,10,"1998/10/27","POINT (-77.1582322571 38.96030387)","DGIF055779",1.1262,1.148,"nhd_huc8_02070008"
5.666,14,"1998/10/28","POINT (-77.653838349 39.244424555)","DGIF055772",5.0046,5.666,"nhd_huc8_02070008"
53.671,16,"1999/3/27","POINT (-77.921837457 38.9140061972)","DGIF067737",45.0117,53.671,"nhd_huc8_02070008"
1.148,2,"1999/4/20","POINT (-77.1587581711 38.9587995085)","DGIF059539",1.1262,1.148,"nhd_huc8_02070008"
1.165,8,"1999/4/20","POINT (-77.1569193252 38.9657540738)","A11234",1.1436,1.165,"nhd_huc8_02070008"
1.148,4,"1999/4/20","POINT (-77.1587581711 38.9587995085)","DGIF059539",1.1262,1.148,"nhd_huc8_02070008"
1.148,9,"1999/4/20","POINT (-77.1587581711 38.9587995085)","DGIF059539",1.1262,1.148,"nhd_huc8_02070008"
12790.594,2,"1999/4/21","POINT (-77.1387894716 38.9512550513)","DGIF059536",11561.2819,12790.594,"nhd_huc8_02070008"
4.813,11,"1999/4/24","POINT (-77.3703567801 38.9605942722)","A10203",4.131,4.813,"nhd_huc8_02070008"
7.72,16,"1999/4/24","POINT (-77.3692454119 38.997659849)","A10201",6.6583,7.72,"nhd_huc8_02070008"
4.454,12,"1999/4/29","POINT (-77.323874326 38.9641571561)","DGIF059671",3.7939,4.454,"nhd_huc8_02070008"
5.956,4,"1999/6/9","POINT (-77.2040159256 38.9674794139)","A11231",5.1724,5.956,"nhd_huc8_02070008"
5.935,4,"1999/6/9","POINT (-77.205266897 38.9674982521)","DGIF059759",5.1537,5.935,"nhd_huc8_02070008"
8.465,14,"1999/6/15","POINT (-77.286381647 38.9541590151)","DGIF059688",7.2212,8.465,"nhd_huc8_02070008"
7.551,16,"1999/6/15","POINT (-77.278046908 38.9738719613)","DGIF059670",6.6958,7.551,"nhd_huc8_02070008"
8.465,14,"1999/6/15","POINT (-77.2864117255 38.9541626737)","A11211",7.2212,8.465,"nhd_huc8_02070008"
7.551,16,"1999/6/16","POINT (-77.2780562032 38.974141468)","A11210",6.6958,7.551,"nhd_huc8_02070008"
22.141,15,"1999/6/17","POINT (-77.310268457 38.9300024682)","DGIF059675",18.7291,22.141,"nhd_huc8_02070008"
1.148,8,"1999/6/17","POINT (-77.1587581711 38.9587995085)","DGIF059539",1.1262,1.148,"nhd_huc8_02070008"
1.148,3,"1999/6/17","POINT (-77.1587581711 38.9587995085)","DGIF059539",1.1262,1.148,"nhd_huc8_02070008"
22.141,15,"1999/6/17","POINT (-77.3104043278 38.9300002711)","A11220",18.7291,22.141,"nhd_huc8_02070008"
4.614,13,"1999/6/17","POINT (-77.289711435 38.9274943902)","DGIF059679",3.8902,4.614,"nhd_huc8_02070008"
4.614,13,"1999/6/17","POINT (-77.2895903884 38.9275221957)","A11222",3.8902,4.614,"nhd_huc8_02070008"
12790.594,2,"1999/6/17","POINT (-77.1387894716 38.9512550513)","DGIF059536",11561.2819,12790.594,"nhd_huc8_02070008"
12790.594,1,"1999/6/17","POINT (-77.1387894716 38.9512550513)","DGIF059536",11561.2819,12790.594,"nhd_huc8_02070008"
7.72,16,"1999/6/24","POINT (-77.369149808 38.9975000061)","DGIF059762",6.6583,7.72,"nhd_huc8_02070008"
4.813,11,"1999/6/24","POINT (-77.370265897 38.9605488951)","DGIF059761",4.131,4.813,"nhd_huc8_02070008"
4.454,11,"1999/6/28","POINT (-77.3240347913 38.9638656735)","A11207",3.7939,4.454,"nhd_huc8_02070008"
7.288,17,"1999/6/28","POINT (-77.303331583 38.9658313182)","DGIF059672",6.2507,7.288,"nhd_huc8_02070008"
7.288,17,"1999/6/29","POINT (-77.3032805348 38.9657500165)","A11209",6.2507,7.288,"nhd_huc8_02070008"
1.104,9,"1999/7/3","POINT (-77.2853091813 39.0371038764)","A11203",1.1328,1.104,"nhd_huc8_02070008"
5.708,15,"1999/7/6","POINT (-77.3382489108 38.8767978725)","A11228",4.8242,5.708,"nhd_huc8_02070008"
3.494,12,"1999/7/6","POINT (-77.337780782 38.909440615)","DGIF059686",2.9436,3.494,"nhd_huc8_02070008"
3.494,12,"1999/7/6","POINT (-77.3378185154 38.90945641)","A11224",2.9436,3.494,"nhd_huc8_02070008"
5.708,15,"1999/7/6","POINT (-77.338051443 38.8763815622)","DGIF059673",4.8242,5.708,"nhd_huc8_02070008"
13.218,13,"1999/7/12","POINT (-77.4361437344 38.9667202756)","A09201",11.5617,13.218,"nhd_huc8_02070008"
5.927,7,"1999/7/12","POINT (-77.4144421 38.9280466542)","DGIF059690",5.1331,5.927,"nhd_huc8_02070008"
13.218,13,"1999/7/12","POINT (-77.436109659 38.9669407131)","DGIF059692",11.5617,13.218,"nhd_huc8_02070008"
5.927,7,"1999/7/12","POINT (-77.4145001213 38.9281268164)","A09202",5.1331,5.927,"nhd_huc8_02070008"
1.612,7,"1999/7/26","POINT (-77.339720822 38.9288772241)","DGIF059685",1.506,1.612,"nhd_huc8_02070008"
5.738,15,"1999/7/26","POINT (-77.3144409 38.9336024241)","DGIF059684",4.8409,5.738,"nhd_huc8_02070008"
5.738,15,"1999/7/26","POINT (-77.3144254068 38.9335910699)","A11230",4.8409,5.738,"nhd_huc8_02070008"
1.612,7,"1999/7/26","POINT (-77.3397801317 38.9289750679)","A11218",1.506,1.612,"nhd_huc8_02070008"
4.254,8,"1999/7/27","POINT (-77.3151735124 39.0327580059)","A11200",3.8346,4.254,"nhd_huc8_02070008"
3.763,11,"1999/7/29","POINT (-77.246660956 38.9738830963)","DGIF059683",3.2713,3.763,"nhd_huc8_02070008"
3.494,9,"1999/7/29","POINT (-77.339721571 38.9125011471)","DGIF059678",2.9436,3.494,"nhd_huc8_02070008"
4.254,8,"1999/7/29","POINT (-77.315007953 39.0324972772)","DGIF059708",3.8346,4.254,"nhd_huc8_02070008"
3.494,9,"1999/7/29","POINT (-77.3399209128 38.9125692087)","A11223",2.9436,3.494,"nhd_huc8_02070008"
3.763,11,"1999/7/29","POINT (-77.2470929763 38.9719166791)","A11215",3.2713,3.763,"nhd_huc8_02070008"
1.104,9,"1999/7/30","POINT (-77.285268891 39.0369391612)","DGIF059738",1.1328,1.104,"nhd_huc8_02070008"
18.541,15,"1999/8/4","POINT (-77.36721162 39.022499097)","DGIF059763",16.2428,18.541,"nhd_huc8_02070008"
3.255,12,"1999/8/4","POINT (-77.3786653784 38.9930182013)","A10202",2.8331,3.255,"nhd_huc8_02070008"
3.255,12,"1999/8/4","POINT (-77.37861136 38.993047366)","DGIF059760",2.8331,3.255,"nhd_huc8_02070008"
18.541,14,"1999/8/4","POINT (-77.367304051 39.0223433002)","A10200",16.2428,18.541,"nhd_huc8_02070008"
1.849,6,"1999/8/5","POINT (-77.217385185 38.9644835959)","A11217",1.8017,1.849,"nhd_huc8_02070008"
4.518,9,"1999/8/5","POINT (-77.297496782 38.9775001141)","DGIF059680",3.9607,4.518,"nhd_huc8_02070008"
4.518,9,"1999/8/5","POINT (-77.2973781138 38.9776698785)","A11206",3.9607,4.518,"nhd_huc8_02070008"
1.849,6,"1999/8/5","POINT (-77.217498203 38.9644370621)","DGIF059643",1.8017,1.849,"nhd_huc8_02070008"
5.935,6,"1999/8/9","POINT (-77.204165183 38.9408273892)","DGIF059757",5.1537,5.935,"nhd_huc8_02070008"
2.1,7,"1999/8/9","POINT (-77.2609679872 38.9998272723)","A11205",2.1284,2.1,"nhd_huc8_02070008"
5.935,7,"1999/8/9","POINT (-77.2041909887 38.9405738712)","A11235",5.1537,5.935,"nhd_huc8_02070008"
5.935,4,"1999/8/9","POINT (-77.2041909887 38.9405738712)","A11235",5.1537,5.935,"nhd_huc8_02070008"
12790.594,2,"1999/8/9","POINT (-77.1387894716 38.9512550513)","DGIF059536",11561.2819,12790.594,"nhd_huc8_02070008"
2.1,7,"1999/8/9","POINT (-77.260831104 38.9997218702)","DGIF059737",2.1284,2.1,"nhd_huc8_02070008"
5.935,5,"1999/8/9","POINT (-77.204165183 38.9408273892)","DGIF059757",5.1537,5.935,"nhd_huc8_02070008"
1.148,5,"1999/8/10","POINT (-77.1587581711 38.9587995085)","DGIF059539",1.1262,1.148,"nhd_huc8_02070008"
1.148,3,"1999/8/10","POINT (-77.1587581711 38.9587995085)","DGIF059539",1.1262,1.148,"nhd_huc8_02070008"
63.907,17,"1999/8/12","POINT (-77.247766039 38.9761165192)","DGIF059677",54.5444,63.907,"nhd_huc8_02070008"
305.061,21,"1999/8/12","POINT (-77.62443805 39.0341635852)","DGIF041623",269.3697,305.061,"nhd_huc8_02070008"
63.907,17,"1999/8/12","POINT (-77.2476877939 38.9761168077)","A11212",54.5444,63.907,"nhd_huc8_02070008"
53.805,17,"1999/8/15","POINT (-77.2838755205 38.967729677)","A11213",45.5628,53.805,"nhd_huc8_02070008"
53.805,17,"1999/8/18","POINT (-77.2838843 38.9675007371)","DGIF059676",45.5628,53.805,"nhd_huc8_02070008"
4.318,8,"1999/8/18","POINT (-77.2625709281 38.9358218834)","A11216",3.6511,4.318,"nhd_huc8_02070008"
4.318,8,"1999/8/18","POINT (-77.262501001 38.9355516371)","DGIF059687",3.6511,4.318,"nhd_huc8_02070008"
185.698,22,"1999/8/23","POINT (-77.70917494 39.0227779631)","DGIF041622",161.1778,185.698,"nhd_huc8_02070008"
8.992,10,"1999/9/2","POINT (-77.4276639308 38.9453351979)","A09200",7.8255,8.992,"nhd_huc8_02070008"
1.972,10,"1999/9/2","POINT (-77.427496403 38.99526803)","DGIF059691",1.9331,1.972,"nhd_huc8_02070008"
2.703,25,"1999/9/8","POINT (-77.259702194 39.0295676807)","A11204",2.7633,2.703,"nhd_huc8_02070008"
2.703,24,"1999/9/8","POINT (-77.259445306 39.0297173922)","DGIF059735",2.7633,2.703,"nhd_huc8_02070008"
2.703,20,"1999/9/8","POINT (-77.259445306 39.0297173922)","DGIF059735",2.7633,2.703,"nhd_huc8_02070008"
2.703,18,"1999/9/8","POINT (-77.259702194 39.0295676807)","A11204",2.7633,2.703,"nhd_huc8_02070008"
7.887,17,"1999/9/9","POINT (-77.317503947 38.9002716112)","DGIF059674",6.66,7.887,"nhd_huc8_02070008"
13.634,17,"1999/9/9","POINT (-77.3166019781 38.9020854112)","A11225",11.5152,13.634,"nhd_huc8_02070008"
4.961,5,"1999/9/24","POINT (-77.323886145 38.9759665932)","DGIF058150",4.2335,4.961,"nhd_huc8_02070008"
1.838,13,"1999/9/27","POINT (-77.316944479 38.8997224842)","DGIF059682",1.7131,1.838,"nhd_huc8_02070008"
1.789,13,"1999/9/27","POINT (-77.316380122 38.8997136632)","DGIF059681",1.6631,1.789,"nhd_huc8_02070008"
1.838,13,"1999/9/27","POINT (-77.3162571224 38.8943106732)","A11226",1.7131,1.838,"nhd_huc8_02070008"
1.789,13,"1999/9/27","POINT (-77.3088023212 38.8984506771)","A11227",1.6631,1.789,"nhd_huc8_02070008"
7.273,22,"1999/10/7","POINT (-77.2959267874 39.0451548718)","A11202",6.6037,7.273,"nhd_huc8_02070008"
7.273,22,"1999/10/7","POINT (-77.295553211 39.0450041891)","DGIF059709",6.6037,7.273,"nhd_huc8_02070008"
4.254,7,"1999/10/15","POINT (-77.312913981 39.0402252662)","A11201",3.8346,4.254,"nhd_huc8_02070008"
4.254,7,"1999/10/15","POINT (-77.31277871 39.0402723442)","DGIF059707",3.8346,4.254,"nhd_huc8_02070008"
2.76,4,"1999/10/22","POINT (-77.173331024 38.9619321751)","DGIF059669",2.6889,2.76,"nhd_huc8_02070008"
12790.594,1,"1999/10/22","POINT (-77.1387894716 38.9512550513)","DGIF059536",11561.2819,12790.594,"nhd_huc8_02070008"
2.76,4,"1999/10/22","POINT (-77.1736173957 38.9617371994)","A11232",2.6889,2.76,"nhd_huc8_02070008"
1.148,11,"1999/10/22","POINT (-77.1587581711 38.9587995085)","DGIF059539",1.1262,1.148,"nhd_huc8_02070008"
1.148,3,"1999/10/22","POINT (-77.1587581711 38.9587995085)","DGIF059539",1.1262,1.148,"nhd_huc8_02070008"
12790.594,8,"1999/10/22","POINT (-77.1387894716 38.9512550513)","DGIF059536",11561.2819,12790.594,"nhd_huc8_02070008"
1.148,9,"2000/4/26","POINT (-77.1592998254 38.9574931129)","DGIF065733",1.1262,1.148,"nhd_huc8_02070008"
12790.594,8,"2000/4/26","POINT (-77.1423603844 38.9509520435)","DGIF065732",11561.2819,12790.594,"nhd_huc8_02070008"
12790.594,4,"2000/6/27","POINT (-77.1423603844 38.9509520435)","DGIF065732",11561.2819,12790.594,"nhd_huc8_02070008"
1.148,10,"2000/6/27","POINT (-77.1592998254 38.9574931129)","DGIF065733",1.1262,1.148,"nhd_huc8_02070008"
8.886,16,"2000/7/28","POINT (-77.658651017 38.9588222761)","DGIF067464",7.2932,8.886,"nhd_huc8_02070008"
47.161,18,"2000/7/28","POINT (-77.65565928 38.9716454542)","DGIF067465",39.0011,47.161,"nhd_huc8_02070008"
6.399,18,"2000/7/31","POINT (-77.883445454 38.9975791421)","DGIF067467",5.6606,6.399,"nhd_huc8_02070008"
49.924,24,"2000/7/31","POINT (-77.638976957 38.9757148152)","DGIF067466",41.397,49.924,"nhd_huc8_02070008"
27.211,26,"2000/8/3","POINT (-77.825382837 38.9866431732)","DGIF067469",24.184,27.211,"nhd_huc8_02070008"
4.71,12,"2000/8/3","POINT (-77.830380463 38.9843198142)","DGIF067468",4.278,4.71,"nhd_huc8_02070008"
2.731,21,"2000/8/10","POINT (-77.613467517 39.1803803803)","DGIF067470",2.6343,2.731,"nhd_huc8_02070008"
26.177,22,"2000/8/10","POINT (-77.658820623 39.1941314391)","DGIF067471",23.3546,26.177,"nhd_huc8_02070008"
1.104,6,"2000/8/11","POINT (-77.2853091813 39.0371038764)","A11203",1.1328,1.104,"nhd_huc8_02070008"
79.611,25,"2000/8/11","POINT (-77.592227181 39.2333308592)","DGIF067472",71.0631,79.611,"nhd_huc8_02070008"
99.663,21,"2000/8/11","POINT (-77.5760732 39.2556375682)","DGIF067473",90.2273,99.663,"nhd_huc8_02070008"
7.273,13,"2000/8/11","POINT (-77.2959267874 39.0451548718)","A11202",6.6037,7.273,"nhd_huc8_02070008"
4.454,7,"2000/8/11","POINT (-77.3240347913 38.9638656735)","A11207",3.7939,4.454,"nhd_huc8_02070008"
14.402,22,"2000/8/14","POINT (-77.749043928 39.114756017)","DGIF067475",12.7526,14.402,"nhd_huc8_02070008"
14.402,20,"2000/8/14","POINT (-77.749663246 39.115872327)","DGIF067474",12.7526,14.402,"nhd_huc8_02070008"
105.084,29,"2000/8/16","POINT (-77.818849271 38.9817625372)","DGIF067476",90.7173,105.084,"nhd_huc8_02070008"
140.78,26,"2000/8/16","POINT (-77.794560499 38.9867455381)","DGIF067477",122.4606,140.78,"nhd_huc8_02070008"
5.956,4,"2000/9/1","POINT (-77.2040159256 38.9674794139)","A11231",5.1724,5.956,"nhd_huc8_02070008"
3.494,10,"2000/9/1","POINT (-77.3399209128 38.9125692087)","A11223",2.9436,3.494,"nhd_huc8_02070008"
8.465,13,"2000/9/1","POINT (-77.2864117255 38.9541626737)","A11211",7.2212,8.465,"nhd_huc8_02070008"
13.218,12,"2000/9/6","POINT (-77.4361437344 38.9667202756)","A09201",11.5617,13.218,"nhd_huc8_02070008"
4.813,10,"2000/9/11","POINT (-77.3703567801 38.9605942722)","A10203",4.131,4.813,"nhd_huc8_02070008"
3.255,12,"2000/9/26","POINT (-77.3786653784 38.9930182013)","A10202",2.8331,3.255,"nhd_huc8_02070008"
0.528,5,"2001/4/9","POINT (-77.287226467 39.0086097792)","DGIF067904",0.5341,0.528,"nhd_huc8_02070008"
63.907,4,"2001/6/8","POINT (-77.254439809 38.9819429172)","DGIF067869",54.5444,63.907,"nhd_huc8_02070008"
12824.154,2,"2001/8/6","POINT (-77.119444241 38.9372176551)","DGIF067874",11570.0425,12824.154,"nhd_huc8_02070008"
15.764,3,"2001/8/7","POINT (-77.517497407 39.0850008832)","DGIF067876",13.892,15.764,"nhd_huc8_02070008"
15.764,6,"2001/8/7","POINT (-77.518881209 39.0869429362)","DGIF067870",13.892,15.764,"nhd_huc8_02070008"
99.464,5,"2001/8/8","POINT (-77.582770818 39.2577622181)","DGIF067866",88.992,99.464,"nhd_huc8_02070008"
85.15,5,"2001/8/21","POINT (-77.443322603 39.0555464202)","DGIF067864",76.1382,85.15,"nhd_huc8_02070008"
0.798,4,"2001/10/24","POINT (-77.359440164 39.0072136172)","DGIF067909",0.7846,0.798,"nhd_huc8_02070008"
7.551,16,"2002/7/17","POINT (-77.278400977 38.9737211332)","DGIF303609",6.6958,7.551,"nhd_huc8_02070008"
7.72,16,"2002/7/23","POINT (-77.369519972 38.9974845172)","DGIF303635",6.6583,7.72,"nhd_huc8_02070008"
7.273,11,"2002/7/24","POINT (-77.310292473 39.0398873542)","DGIF303622",6.6037,7.273,"nhd_huc8_02070008"
3.907,1,"2002/7/24","POINT (-77.787787518 38.9123911212)","DGIF303644",3.2345,3.907,"nhd_huc8_02070008"
3.907,1,"2002/7/25","POINT (-77.787787518 38.9123911212)","DGIF303644",3.2345,3.907,"nhd_huc8_02070008"
1.789,13,"2002/7/30","POINT (-77.310296209 38.8978908981)","DGIF303623",1.6631,1.789,"nhd_huc8_02070008"
4.614,6,"2002/7/30","POINT (-77.290290368 38.9278911362)","DGIF303624",3.8902,4.614,"nhd_huc8_02070008"
13.634,20,"2002/7/30","POINT (-77.317031607 38.9020492291)","DGIF303611",11.5152,13.634,"nhd_huc8_02070008"
4.614,10,"2002/7/30","POINT (-77.290108476 38.9273989352)","DGIF303612",3.8902,4.614,"nhd_huc8_02070008"
1.612,14,"2002/8/5","POINT (-77.340296936 38.9288863041)","DGIF303628",1.506,1.612,"nhd_huc8_02070008"
7.288,14,"2002/8/8","POINT (-77.303560262 38.9656494111)","DGIF303616",6.2507,7.288,"nhd_huc8_02070008"
37.057,14,"2002/8/13","POINT (-77.290294862 38.9538873051)","DGIF303629",31.2093,37.057,"nhd_huc8_02070008"
53.805,18,"2002/8/15","POINT (-77.28430179 38.9674600042)","DGIF303617",45.5628,53.805,"nhd_huc8_02070008"
3.907,4,"2002/10/2","POINT (-77.787787518 38.9123911212)","DGIF303644",3.2345,3.907,"nhd_huc8_02070008"
3.907,3,"2002/12/9","POINT (-77.787787518 38.9123911212)","DGIF303644",3.2345,3.907,"nhd_huc8_02070008"
0.753,3,"2003/1/8","POINT (-77.221126326 38.9573938371)","DGIF301132",0.7301,0.753,"nhd_huc8_02070008"
0.753,2,"2003/5/28","POINT (-77.221126326 38.9573938371)","DGIF301132",0.7301,0.753,"nhd_huc8_02070008"
0.891,3,"2003/7/14","POINT (-77.222512729 38.9582224351)","DGIF301168",0.8677,0.891,"nhd_huc8_02070008"
3.348,2,"2003/8/13","POINT (-77.262512733 38.9171134871)","DGIF301184",2.8244,3.348,"nhd_huc8_02070008"
7.166,5,"2003/10/6","POINT (-77.46468105 38.9736030063)","DGIF302374",6.4328,7.166,"nhd_huc8_02070008"
1.795,6,"2003/10/7","POINT (-77.466192338 38.9603891011)","DGIF302375",1.7774,1.795,"nhd_huc8_02070008"
7.166,3,"2003/10/7","POINT (-77.466679702 38.9726277001)","DGIF302372",6.4328,7.166,"nhd_huc8_02070008"
7.166,3,"2003/10/7","POINT (-77.474880803 38.9733894992)","DGIF302373",6.4328,7.166,"nhd_huc8_02070008"
1.695,5,"2003/10/7","POINT (-77.466276771 38.9503387482)","DGIF302376",1.6773,1.695,"nhd_huc8_02070008"
2.078,4,"2003/10/8","POINT (-77.510953524 38.9301282091)","DGIF302377",2.0551,2.078,"nhd_huc8_02070008"
3.542,7,"2003/10/9","POINT (-77.454402759 38.9813979122)","DGIF302371",3.141,3.542,"nhd_huc8_02070008"
1.849,3,"2003/10/14","POINT (-77.216409231 38.9632217341)","DGIF301195",1.8017,1.849,"nhd_huc8_02070008"
3.348,2,"2003/10/16","POINT (-77.257794109 38.9215559761)","DGIF301197",2.8244,3.348,"nhd_huc8_02070008"
1.849,3,"2003/11/11","POINT (-77.215011458 38.9643383031)","DGIF301205",1.8017,1.849,"nhd_huc8_02070008"
1.38,1,"2003/11/12","POINT (-77.259461244 38.8948839481)","DGIF301212",1.2868,1.38,"nhd_huc8_02070008"
3.348,1,"2003/11/12","POINT (-77.262799382 38.9151680282)","DGIF301214",2.8244,3.348,"nhd_huc8_02070008"
85.15,4,"2004/6/2","POINT (-77.432984456 39.04657375)","DGIF308381",76.1382,85.15,"nhd_huc8_02070008"
16.307,4,"2004/6/2","POINT (-77.511673895 39.0854391292)","DGIF308382",14.382,16.307,"nhd_huc8_02070008"
71.26,2,"2004/6/8","POINT (-77.246351413 38.9758097392)","DGIF308380",58.232,71.26,"nhd_huc8_02070008"
8.877,14,"2004/7/1","POINT (-77.8915742786 38.9096008155)","A04002",7.7803,8.877,"nhd_huc8_02070008"
1.142,6,"2004/7/1","POINT (-77.376492195 38.9038041912)","DGIF308192",1.0678,1.142,"nhd_huc8_02070008"
1.032,3,"2004/7/1","POINT (-77.287917304 38.9128178611)","DGIF308193",0.9622,1.032,"nhd_huc8_02070008"
1.897,11,"2004/7/1","POINT (-77.7945479307 38.9752407795)","A05003",1.8077,1.897,"nhd_huc8_02070008"
0.478,2,"2004/7/1","POINT (-77.9367254268 38.8657646426)","A04003",0.4545,0.478,"nhd_huc8_02070008"
0.703,1,"2004/7/1","POINT (-77.7223502247 38.9837564045)","A05002",0.67,0.703,"nhd_huc8_02070008"
1.931,1,"2004/7/1","POINT (-77.9069730753 39.0305346902)","A05007",1.7719,1.931,"nhd_huc8_02070008"
169.702,18,"2004/7/1","POINT (-77.758277896 38.9868533175)","A05001",147.1343,169.702,"nhd_huc8_02070008"
18.161,14,"2004/7/6","POINT (-77.9937470975 38.9053036308)","A04004",14.4619,18.161,"nhd_huc8_02070008"
11.868,7,"2004/7/6","POINT (-78.0511054784 38.9084034696)","A04006",9.4076,11.868,"nhd_huc8_02070008"
0.85,6,"2004/7/7","POINT (-77.693689502 39.2889830482)","DGIF307495",0.8013,0.85,"nhd_huc8_02070008"
3.237,3,"2004/7/7","POINT (-77.6073629922 39.291045464)","A01004",2.9519,3.237,"nhd_huc8_02070008"
1.898,4,"2004/7/7","POINT (-77.5730395712 39.2960198689)","A01003",1.9164,1.898,"nhd_huc8_02070008"
9.653,19,"2004/7/7","POINT (-77.6292392416 39.2354868508)","A02006",8.5976,9.653,"nhd_huc8_02070008"
0.602,2,"2004/7/7","POINT (-77.6786883921 39.2526408402)","A02002",0.5956,0.602,"nhd_huc8_02070008"
0.85,5,"2004/7/7","POINT (-77.6934084414 39.2890854305)","A01005",0.8013,0.85,"nhd_huc8_02070008"
0.969,8,"2004/7/7","POINT (-77.6711545524 39.3037803703)","A01001",0.9431,0.969,"nhd_huc8_02070008"
0.969,4,"2004/7/7","POINT (-77.6711545524 39.3037803703)","A01001",0.9431,0.969,"nhd_huc8_02070008"
3.237,2,"2004/7/7","POINT (-77.607655264 39.2909462311)","DGIF307496",2.9519,3.237,"nhd_huc8_02070008"
1.898,4,"2004/7/7","POINT (-77.57333294 39.2959211701)","DGIF307497",1.9164,1.898,"nhd_huc8_02070008"
0.969,4,"2004/7/7","POINT (-77.671444127 39.3036801862)","DGIF307498",0.9431,0.969,"nhd_huc8_02070008"
9.653,19,"2004/7/7","POINT (-77.629527928 39.2353813382)","DGIF307522",8.5976,9.653,"nhd_huc8_02070008"
3.494,16,"2004/7/13","POINT (-77.498947269 39.2121040912)","DGIF307526",3.0913,3.494,"nhd_huc8_02070008"
0.925,3,"2004/7/13","POINT (-77.555071952 39.184800914)","DGIF307525",0.9028,0.925,"nhd_huc8_02070008"
0.992,6,"2004/7/13","POINT (-77.735704015 39.1537131821)","DGIF307524",0.9692,0.992,"nhd_huc8_02070008"
1.825,11,"2004/7/13","POINT (-77.757291713 39.2329859872)","DGIF307499",1.7805,1.825,"nhd_huc8_02070008"
0.992,6,"2004/7/13","POINT (-77.7233205313 39.1607264654)","A02004",0.9692,0.992,"nhd_huc8_02070008"
1.825,11,"2004/7/13","POINT (-77.7513246586 39.2230441766)","A02001",1.7805,1.825,"nhd_huc8_02070008"
0.925,3,"2004/7/13","POINT (-77.5543297437 39.1845258627)","A03001",0.9028,0.925,"nhd_huc8_02070008"
7.488,11,"2004/7/13","POINT (-77.5195132067 39.2433018613)","A03004",6.5902,7.488,"nhd_huc8_02070008"
3.494,16,"2004/7/13","POINT (-77.496196408 39.2104406265)","A03002",3.0913,3.494,"nhd_huc8_02070008"
7.488,11,"2004/7/13","POINT (-77.519603726 39.243476539)","DGIF307527",6.5902,7.488,"nhd_huc8_02070008"
62.602,19,"2004/7/16","POINT (-77.263275925 38.9730209162)","DGIF308200",53.3657,62.602,"nhd_huc8_02070008"
12.377,17,"2004/7/20","POINT (-77.374001939 39.0026143781)","DGIF308208",10.7465,12.377,"nhd_huc8_02070008"
3.891,10,"2004/7/21","POINT (-77.6547362436 39.1078544068)","A06002",3.3488,3.891,"nhd_huc8_02070008"
0.705,12,"2004/7/21","POINT (-77.6968777815 39.132397105)","A06001",0.6745,0.705,"nhd_huc8_02070008"
1.841,2,"2004/7/21","POINT (-77.837926688 39.1072620237)","A07002",1.7524,1.841,"nhd_huc8_02070008"
51.323,10,"2004/7/21","POINT (-77.7244918069 39.0371645461)","A07003",46.5177,51.323,"nhd_huc8_02070008"
3.971,9,"2004/7/21","POINT (-77.7933472598 39.1335630852)","A06005",3.4534,3.971,"nhd_huc8_02070008"
1.958,6,"2004/7/21","POINT (-77.7286382037 39.1161791529)","A06003",1.9029,1.958,"nhd_huc8_02070008"
5.523,4,"2004/7/22","POINT (-77.8085890273 39.109621179)","A07001",4.9813,5.523,"nhd_huc8_02070008"
7.866,9,"2004/7/22","POINT (-77.8064892755 39.0845198675)","A07004",6.9008,7.866,"nhd_huc8_02070008"
3.363,3,"2005/8/24","POINT (-77.6919353276 38.9114418807)","A08005",2.684,3.363,"nhd_huc8_02070008"
5.86,14,"2005/8/24","POINT (-77.7444391917 38.9403074118)","A08004",4.8326,5.86,"nhd_huc8_02070008"
8.886,19,"2005/8/24","POINT (-77.6549821131 38.967713681)","A08003",7.2932,8.886,"nhd_huc8_02070008"
0.957,5,"2005/8/24","POINT (-77.5060313996 39.0793210767)","A08002",0.9389,0.957,"nhd_huc8_02070008"
0.669,2,"2005/9/6","POINT (-77.44939852 39.0515630727)","A09005",0.6588,0.669,"nhd_huc8_02070008"
1.596,1,"2005/9/6","POINT (-77.4182051918 39.0550436702)","A09001",1.5794,1.596,"nhd_huc8_02070008"
9.244,17,"2005/9/6","POINT (-77.5422657287 38.9598888108)","A09003",8.1567,9.244,"nhd_huc8_02070008"
8.992,14,"2005/9/6","POINT (-77.4255899786 38.9437428752)","A09004",7.8255,8.992,"nhd_huc8_02070008"
2.517,7,"2006/8/8","POINT (-77.347176359 38.9000069542)","DGIF316599",2.3483,2.517,"nhd_huc8_02070008"
2.517,11,"2006/8/8","POINT (-77.346902248 38.9017548851)","DGIF316602",2.3483,2.517,"nhd_huc8_02070008"
2.517,6,"2006/8/8","POINT (-77.363609532 38.8951249291)","DGIF316600",2.3483,2.517,"nhd_huc8_02070008"
2.575,10,"2006/8/14","POINT (-77.349550524 38.8563753822)","DGIF316604",2.4137,2.575,"nhd_huc8_02070008"
2.575,15,"2006/8/14","POINT (-77.344488431 38.8695033751)","DGIF316598",2.4137,2.575,"nhd_huc8_02070008"
1.156,12,"2006/8/28","POINT (-77.317612009 38.8935012101)","DGIF316603",1.079,1.156,"nhd_huc8_02070008"
8.017,15,"2006/9/21","POINT (-77.323529061 38.9197563101)","DGIF316601",6.7625,8.017,"nhd_huc8_02070008"
37.057,20,"2007/7/7","POINT (-77.293700763 38.9507349041)","DGIF321308",31.2093,37.057,"nhd_huc8_02070008"
22.141,19,"2007/7/7","POINT (-77.315273432 38.9206486511)","DGIF321305",18.7291,22.141,"nhd_huc8_02070008"
3.494,14,"2007/7/7","POINT (-77.344252508 38.910031055)","DGIF321304",2.9436,3.494,"nhd_huc8_02070008"
35.186,19,"2007/7/7","POINT (-77.298514937 38.9400246761)","DGIF321307",29.6049,35.186,"nhd_huc8_02070008"
0.724,2,"2007/7/7","POINT (-77.352566889 38.933153214)","DGIF321306",0.6769,0.724,"nhd_huc8_02070008"
1.612,9,"2007/8/28","POINT (-77.340517943 38.9290733982)","DGIF319437",1.506,1.612,"nhd_huc8_02070008"
0.945,3,"2007/10/4","POINT (-77.342510691 38.9734990242)","DGIF319480",0.9,0.945,"nhd_huc8_02070008"
0.74,6,"2007/10/5","POINT (-77.327791468 38.932114137)","DGIF319482",0.6919,0.74,"nhd_huc8_02070008"
188.066,26,"2007/10/5","POINT (-77.682862 39.013133)","1AGOO021.28",163.2572,188.066,"nhd_huc8_02070008"
0.758,3,"2007/10/22","POINT (-77.404464827 39.0340588352)","DGIF319483",0.7464,0.758,"nhd_huc8_02070008"
